method,avg_roc_auc
full,0.874904601571268
drop_3,0.872716049382716
drop_6,0.8580836139169472
drop_8,
pca_1,0.5561952861952862
pca_3,0.8671548821548821
pca_6,0.8770426487093154
